time,reto
0.1218404769897461,Reto 1
0.11863493919372559,Reto 2
0.12723445892333984,Reto 3
0.13259148597717285,Reto 4
0.11659669876098633,Reto 5
0.12968158721923828,Reto 6
0.1324901580810547,Reto 7
0.12626147270202637,Reto 8
0.13100075721740723,Reto 9
0.12352323532104492,Reto 10
0.11691737174987793,Reto 11
0.11704206466674805,Reto 12
0.12835097312927246,Reto 13
0.12189984321594238,Reto 14
0.11842870712280273,Reto 15
0.12885546684265137,Reto 16
0.11596250534057617,Reto 17
0.12052035331726074,Reto 18
0.11333465576171875,Reto 19
0.12452292442321777,Reto 20
0.12023472785949707,Reto 21
0.12624573707580566,Reto 22
0.12216067314147949,Reto 23
0.12578535079956055,Reto 24
0.12177848815917969,Reto 25
0.12687087059020996,Reto 26
0.11710643768310547,Reto 27
0.11507821083068848,Reto 28
0.1359400749206543,Reto 29
0.12860465049743652,Reto 30
0.11749935150146484,Reto 31
0.1183326244354248,Reto 32
0.12083101272583008,Reto 33
0.1245582103729248,Reto 34
0.11461901664733887,Reto 35
0.12208819389343262,Reto 36
0.12334322929382324,Reto 37
0.11857128143310547,Reto 38
0.1265242099761963,Reto 39
0.12041687965393066,Reto 40
0.12201452255249023,Reto 41
0.12287473678588867,Reto 42
0.12062597274780273,Reto 43
0.12514019012451172,Reto 44
0.11367940902709961,Reto 45
0.12385892868041992,Reto 46
0.12960410118103027,Reto 47
0.12311220169067383,Reto 48
0.12492752075195312,Reto 49
0.12536931037902832,Reto 50
0.1093440055847168,Reto 51
0.11487245559692383,Reto 52
0.11027646064758301,Reto 53
0.11927652359008789,Reto 54
0.12200164794921875,Reto 55
0.12288141250610352,Reto 56
0.1135551929473877,Reto 57
0.1348576545715332,Reto 58
0.14619660377502441,Reto 59
0.11378717422485352,Reto 60
0.12249135971069336,Reto 61
0.12728452682495117,Reto 62
0.12255597114562988,Reto 63
0.12024807929992676,Reto 64
0.11986970901489258,Reto 65
0.11203122138977051,Reto 66
0.10878229141235352,Reto 67
0.11190414428710938,Reto 68
0.13750553131103516,Reto 69
0.12796950340270996,Reto 70
0.12595748901367188,Reto 71
0.1219949722290039,Reto 72
0.14128351211547852,Reto 73
0.16780400276184082,Reto 74
0.13471317291259766,Reto 75
0.13330078125,Reto 76
0.13339018821716309,Reto 77
0.11472082138061523,Reto 78
0.1356642246246338,Reto 79
0.13609814643859863,Reto 80
0.12186717987060547,Reto 81
0.13605117797851562,Reto 82
0.11646270751953125,Reto 83
0.11948823928833008,Reto 84
0.12638449668884277,Reto 85
0.13587594032287598,Reto 86
0.13316988945007324,Reto 87
0.1363215446472168,Reto 88
0.13810181617736816,Reto 89
0.13428831100463867,Reto 90
0.13524365425109863,Reto 91
0.12698864936828613,Reto 92
0.10621476173400879,Reto 93
0.11103701591491699,Reto 94
0.13439297676086426,Reto 95
0.13315844535827637,Reto 96
0.10974383354187012,Reto 97
0.11805963516235352,Reto 98
0.12839269638061523,Reto 99
0.11153340339660645,Reto 100
0.6983447074890137,Reto 101
0.7370870113372803,Reto 102
0.7336945533752441,Reto 103
0.7158737182617188,Reto 104
0.7403812408447266,Reto 105
0.7687745094299316,Reto 106
0.7025701999664307,Reto 107
0.7064015865325928,Reto 108
0.7351992130279541,Reto 109
0.7625069618225098,Reto 110
0.7455620765686035,Reto 111
0.6732089519500732,Reto 112
0.7526242733001709,Reto 113
0.7583630084991455,Reto 114
0.7588226795196533,Reto 115
0.7354187965393066,Reto 116
0.7176337242126465,Reto 117
0.7459299564361572,Reto 118
0.6879360675811768,Reto 119
0.6849145889282227,Reto 120
0.7258317470550537,Reto 121
0.6935453414916992,Reto 122
0.6898608207702637,Reto 123
0.7430250644683838,Reto 124
0.7259981632232666,Reto 125
0.7124526500701904,Reto 126
0.6933112144470215,Reto 127
0.7250499725341797,Reto 128
0.6810300350189209,Reto 129
0.7534534931182861,Reto 130
0.7717576026916504,Reto 131
0.7216670513153076,Reto 132
0.7205331325531006,Reto 133
0.7236573696136475,Reto 134
0.6904611587524414,Reto 135
0.7482080459594727,Reto 136
0.7414267063140869,Reto 137
0.7190067768096924,Reto 138
0.7090780735015869,Reto 139
0.6808652877807617,Reto 140
0.7094719409942627,Reto 141
0.700768232345581,Reto 142
0.7479894161224365,Reto 143
0.7545080184936523,Reto 144
0.7314870357513428,Reto 145
0.732304573059082,Reto 146
0.7419157028198242,Reto 147
0.6759943962097168,Reto 148
0.7119159698486328,Reto 149
0.7200503349304199,Reto 150
0.7064719200134277,Reto 151
0.6251463890075684,Reto 152
0.6816134452819824,Reto 153
0.6295726299285889,Reto 154
0.724346399307251,Reto 155
0.6887569427490234,Reto 156
0.6278657913208008,Reto 157
0.6143929958343506,Reto 158
0.7107353210449219,Reto 159
0.669177770614624,Reto 160
0.5929839611053467,Reto 161
0.6308877468109131,Reto 162
0.672243595123291,Reto 163
0.6785340309143066,Reto 164
0.6615767478942871,Reto 165
0.7131426334381104,Reto 166
0.7358152866363525,Reto 167
0.6723232269287109,Reto 168
0.7282826900482178,Reto 169
0.7236125469207764,Reto 170
0.6675276756286621,Reto 171
0.686877965927124,Reto 172
0.6197566986083984,Reto 173
0.6845781803131104,Reto 174
0.6093103885650635,Reto 175
0.6555607318878174,Reto 176
0.7496695518493652,Reto 177
0.6662013530731201,Reto 178
0.5997591018676758,Reto 179
0.6326947212219238,Reto 180
0.7003903388977051,Reto 181
0.6896688938140869,Reto 182
0.6588594913482666,Reto 183
0.7238326072692871,Reto 184
0.6658399105072021,Reto 185
0.6813075542449951,Reto 186
0.7324666976928711,Reto 187
0.6783928871154785,Reto 188
0.6426787376403809,Reto 189
0.6826989650726318,Reto 190
0.8821406364440918,Reto 191
0.7524194717407227,Reto 192
0.6997973918914795,Reto 193
0.7970218658447266,Reto 194
0.7721717357635498,Reto 195
0.7053380012512207,Reto 196
0.706160306930542,Reto 197
0.6885037422180176,Reto 198
0.7988879680633545,Reto 199
0.7705790996551514,Reto 200
3.3566646575927734,Reto 201
3.187464714050293,Reto 202
3.135089874267578,Reto 203
3.1301767826080322,Reto 204
3.23250150680542,Reto 205
3.1446850299835205,Reto 206
3.2052783966064453,Reto 207
3.1535377502441406,Reto 208
3.055290937423706,Reto 209
3.318209409713745,Reto 210
3.3499977588653564,Reto 211
3.145705461502075,Reto 212
3.0837464332580566,Reto 213
3.158217668533325,Reto 214
3.1265511512756348,Reto 215
3.06601619720459,Reto 216
2.99682879447937,Reto 217
3.2423882484436035,Reto 218
3.297250270843506,Reto 219
3.31001877784729,Reto 220
3.0425405502319336,Reto 221
2.96893572807312,Reto 222
3.1421008110046387,Reto 223
3.162191867828369,Reto 224
3.1078226566314697,Reto 225
3.1248321533203125,Reto 226
3.3532092571258545,Reto 227
3.166806221008301,Reto 228
3.242133855819702,Reto 229
3.1718456745147705,Reto 230
3.264139175415039,Reto 231
3.2165496349334717,Reto 232
3.160548210144043,Reto 233
3.0660173892974854,Reto 234
3.1544058322906494,Reto 235
3.11735200881958,Reto 236
3.0063185691833496,Reto 237
3.249657154083252,Reto 238
3.16687273979187,Reto 239
3.033067226409912,Reto 240
3.110691785812378,Reto 241
3.0718228816986084,Reto 242
3.2210538387298584,Reto 243
3.18533992767334,Reto 244
3.286426305770874,Reto 245
2.955569267272949,Reto 246
3.0847678184509277,Reto 247
3.1929497718811035,Reto 248
3.0088863372802734,Reto 249
3.1225192546844482,Reto 250
3.3333516120910645,Reto 251
2.903465986251831,Reto 252
2.881899833679199,Reto 253
3.253730058670044,Reto 254
3.122093439102173,Reto 255
3.111480951309204,Reto 256
3.102949619293213,Reto 257
3.0382802486419678,Reto 258
3.124394416809082,Reto 259
3.2842726707458496,Reto 260
3.3263707160949707,Reto 261
3.0518274307250977,Reto 262
2.7615365982055664,Reto 263
3.1623427867889404,Reto 264
3.1393043994903564,Reto 265
2.745027780532837,Reto 266
3.0871880054473877,Reto 267
2.832385540008545,Reto 268
3.2152099609375,Reto 269
3.1163086891174316,Reto 270
3.2036333084106445,Reto 271
2.7704687118530273,Reto 272
3.0480895042419434,Reto 273
3.523209571838379,Reto 274
4.088573932647705,Reto 275
3.508636236190796,Reto 276
3.015089273452759,Reto 277
3.3491814136505127,Reto 278
3.0846593379974365,Reto 279
3.008079767227173,Reto 280
3.046381950378418,Reto 281
2.770489454269409,Reto 282
2.8499045372009277,Reto 283
3.3570899963378906,Reto 284
3.296997308731079,Reto 285
3.4090428352355957,Reto 286
2.8661446571350098,Reto 287
2.9180538654327393,Reto 288
2.8437094688415527,Reto 289
2.8667213916778564,Reto 290
3.3649160861968994,Reto 291
3.1030123233795166,Reto 292
3.316671371459961,Reto 293
3.0664021968841553,Reto 294
3.146946668624878,Reto 295
3.1112618446350098,Reto 296
3.379153251647949,Reto 297
3.077075719833374,Reto 298
2.925626516342163,Reto 299
2.8680949211120605,Reto 300
12.821580410003662,Reto 301
12.170421361923218,Reto 302
12.23504638671875,Reto 303
12.711626052856445,Reto 304
12.828317642211914,Reto 305
11.842264890670776,Reto 306
11.853821754455566,Reto 307
11.988012075424194,Reto 308
12.341173648834229,Reto 309
12.111392736434937,Reto 310
12.491596937179565,Reto 311
12.611052751541138,Reto 312
12.20409345626831,Reto 313
12.585899829864502,Reto 314
11.431951522827148,Reto 315
12.483786821365356,Reto 316
12.26262640953064,Reto 317
12.382689237594604,Reto 318
11.772353887557983,Reto 319
12.14537501335144,Reto 320
12.27364993095398,Reto 321
12.301907539367676,Reto 322
11.732021808624268,Reto 323
12.158592224121094,Reto 324
11.685710191726685,Reto 325
13.026921510696411,Reto 326
11.57884168624878,Reto 327
12.056607961654663,Reto 328
11.709163188934326,Reto 329
12.204632043838501,Reto 330
12.382401466369629,Reto 331
13.140302181243896,Reto 332
12.997813701629639,Reto 333
11.807459831237793,Reto 334
12.755157232284546,Reto 335
12.182770490646362,Reto 336
12.683983564376831,Reto 337
12.276126861572266,Reto 338
12.593554735183716,Reto 339
11.855201244354248,Reto 340
12.604191064834595,Reto 341
12.556322574615479,Reto 342
12.31011152267456,Reto 343
13.048257112503052,Reto 344
12.014451265335083,Reto 345
12.454785346984863,Reto 346
12.211166620254517,Reto 347
12.253002643585205,Reto 348
12.09463357925415,Reto 349
11.907733917236328,Reto 350
11.410668849945068,Reto 351
10.648160934448242,Reto 352
12.162312030792236,Reto 353
11.259227514266968,Reto 354
11.696513652801514,Reto 355
10.794552087783813,Reto 356
11.367704153060913,Reto 357
11.592708110809326,Reto 358
12.130056619644165,Reto 359
10.742062091827393,Reto 360
11.99603533744812,Reto 361
11.14676022529602,Reto 362
12.41195559501648,Reto 363
10.855214595794678,Reto 364
12.398599863052368,Reto 365
11.985123634338379,Reto 366
11.963973045349121,Reto 367
11.604640007019043,Reto 368
10.822750568389893,Reto 369
10.888725996017456,Reto 370
11.445344924926758,Reto 371
11.073860168457031,Reto 372
10.049533605575562,Reto 373
11.237465143203735,Reto 374
10.704727411270142,Reto 375
11.18345022201538,Reto 376
10.867507219314575,Reto 377
11.831305265426636,Reto 378
10.973630428314209,Reto 379
10.71415400505066,Reto 380
11.556135654449463,Reto 381
12.39330244064331,Reto 382
12.437195777893066,Reto 383
12.050215482711792,Reto 384
10.55517053604126,Reto 385
11.914564847946167,Reto 386
10.775359869003296,Reto 387
11.40820598602295,Reto 388
11.757202863693237,Reto 389
10.197083234786987,Reto 390
12.077229261398315,Reto 391
12.192612648010254,Reto 392
10.108062505722046,Reto 393
10.591600179672241,Reto 394
12.349486589431763,Reto 395
10.619744539260864,Reto 396
11.63313102722168,Reto 397
10.474236249923706,Reto 398
11.813164949417114,Reto 399
10.602428674697876,Reto 400
51.64285612106323,Reto 401
51.77828097343445,Reto 402
53.94968295097351,Reto 403
55.14425563812256,Reto 404
54.45889115333557,Reto 405
52.56041932106018,Reto 406
55.63666343688965,Reto 407
58.83875775337219,Reto 408
58.56299948692322,Reto 409
50.64345169067383,Reto 410
50.94506072998047,Reto 411
49.83201622962952,Reto 412
49.0532546043396,Reto 413
49.33205962181091,Reto 414
51.72885727882385,Reto 415
49.37952160835266,Reto 416
51.59691572189331,Reto 417
50.07940983772278,Reto 418
52.176366567611694,Reto 419
49.585039138793945,Reto 420
